feature,importance_mean,importance_std
ln_funding,0.568246832055707,0.06880516638403439
industry_group,0.04027787237303818,0.02065260932965342
continent,0.03733870099979577,0.017685805889716282
era,0.010750750258811937,0.007095077988672191
tier,0.0031771470773693912,0.0033809645956204607
investor_count,-9.874165222878428e-06,0.0017247780632930968
years_to_unicorn,-0.00579094414288781,0.008502158256360354
