continent,n,median_valuation_b,median_funding_b,avg_residual_ln,median_outperformance_pct
Europe,136,2.0,0.448,0.04072799196521403,-0.058298774991556834
North America,584,2.0,0.339,0.01092942467592599,-0.11451225897870054
Asia,303,1.5,0.39,-0.022994439862229904,-0.12205312847731753
South America,22,1.5,0.5105,-0.17866980475764374,-0.27646231585808667
