model,roc_auc,avg_precision,balanced_accuracy,precision,recall,n_sampled,positives,negatives
Gradient Boosting diagnostic,0.9930015485285161,0.9744018612477661,0.9334046814823866,0.9875930521091811,0.868995633187773,10980,1830,9150
Random Forest diagnostic,0.9843452550298536,0.9548966830082405,0.9331760300769683,0.9080717488789237,0.8842794759825328,10980,1830,9150
Logistic diagnostic,0.9833800501410097,0.9512188085243005,0.9277074904100069,0.8426501035196687,0.888646288209607,10980,1830,9150
